year,auth_id,cumulative_deficit
1999,26,
2000,26,
2001,26,645.0
2002,26,723.0
2003,26,
2004,26,
2005,26,131.0
2006,26,
2007,26,1178.0
2008,26,
2009,26,756.0
2010,26,96.0
2011,26,248.0
2012,26,80.0
2013,26,-176.0
2014,26,-484.0
2015,26,
2016,26,120.0
2017,26,176.0
2018,26,0.013
2019,26,-1.27
2020,26,-1.938
2021,26,-1.922
2022,26,-1.893
1999,28,
2000,28,
2001,28,
2002,28,-10354.0
2003,28,-17117.0
2004,28,-22794.0
2005,28,-23994.0
2006,28,
2007,28,-15893.0
2008,28,
2009,28,-9894.0
2010,28,-11429.0
2011,28,-13418.0
2012,28,-13586.0
2013,28,-14989.0
2014,28,-19313.0
2015,28,-22321.0
2016,28,-21452.0
2017,28,-15037.0
2018,28,-14.988
2019,28,-11.382
2020,28,-9.693
2021,28,-5.985
2022,28,-4.306
1999,29,
2000,29,
2001,29,
2002,29,-5695.0
2003,29,-6000.0
2004,29,-6634.0
2005,29,-8392.0
2006,29,
2007,29,-5137.0
2008,29,
2009,29,-3345.0
2010,29,-3112.0
2011,29,-2798.0
2012,29,-2096.0
2013,29,-1870.0
2014,29,-1673.0
2015,29,-1675.0
2016,29,-1873.0
2017,29,-1870.0
2018,29,-2.228
2019,29,-3.666
2020,29,-4.273
2021,29,-2.956
2022,29,-1.678
1999,31,
2000,31,
2001,31,
2002,31,
2003,31,-30474.0
2004,31,-33699.0
2005,31,-36588.0
2006,31,
2007,31,-20126.0
2008,31,
2009,31,-16906.0
2010,31,-21592.0
2011,31,-22293.0
2012,31,-19671.0
2013,31,-12518.0
2014,31,-14196.0
2015,31,-13156.0
2016,31,-15666.0
2017,31,-20725.0
2018,31,-19.031
2019,31,-15.24
2020,31,-14.326
2021,31,-14.39
2022,31,-14.396
1999,41,
2000,41,
2001,41,
2002,41,-6035.0
2003,41,-9097.0
2004,41,-10443.0
2005,41,-9491.0
2006,41,
2007,41,-9377.0
2008,41,
2009,41,-3947.0
2010,41,-562.0
2011,41,-29.0
2012,41,-243.0
2013,41,-417.0
2014,41,-558.0
2015,41,-759.0
2016,41,-958.0
2017,41,-1885.0
2018,41,-6.041
2019,41,-7.59
2020,41,-9.893
2021,41,-10.977
2022,41,-12.811
1999,43,
2000,43,59.0
2001,43,
2002,43,-3210.0
2003,43,-4337.0
2004,43,-4322.0
2005,43,-3547.0
2006,43,
2007,43,-2724.0
2008,43,
2009,43,-4040.0
2010,43,-4239.0
2011,43,-3883.0
2012,43,-3660.0
2013,43,-5059.0
2014,43,-3011.0
2015,43,-3402.0
2016,43,-1890.0
2017,43,-360.0
2018,43,0.069
2019,43,0.073
2020,43,0.077
2021,43,0.083
2022,43,0.101
1999,46,
2000,46,
2001,46,
2002,46,-5654.0
2003,46,-6478.0
2004,46,-9952.0
2005,46,-9964.0
2006,46,
2007,46,-5586.0
2008,46,
2009,46,-4042.0
2010,46,-2679.0
2011,46,-2143.0
2012,46,-87.0
2013,46,-221.0
2014,46,43.0
2015,46,160.0
2016,46,-1110.0
2017,46,-1012.0
2018,46,-0.984
2019,46,-0.843
2020,46,0.879
2021,46,1.03
2022,46,1.069
1999,47,
2000,47,
2001,47,
2002,47,-6.0
2003,47,-23.0
2004,47,-6.0
2005,47,-14.0
2006,47,
2007,47,772.0
2008,47,
2009,47,326.0
2010,47,2014.0
2011,47,2571.0
2012,47,2571.0
2013,47,1345.0
2014,47,952.0
2015,47,12.0
2016,47,9.0
2017,47,2.0
2018,47,0.006
2019,47,0.011
2020,47,0.043
2021,47,0.048
2022,47,0.002
1999,65,
2000,65,
2001,65,
2002,65,-5010.0
2003,65,-3562.0
2004,65,-6018.0
2005,65,-9819.0
2006,65,
2007,65,-11016.0
2008,65,
2009,65,-5052.0
2010,65,-4838.0
2011,65,-4537.0
2012,65,-4887.0
2013,65,-3807.0
2014,65,-3276.0
2015,65,-3272.0
2016,65,-2678.0
2017,65,-2559.0
2018,65,-1.124
2019,65,-9.113
2020,65,-8.092
2021,65,-2.537
2022,65,-2.467
1999,70,
2000,70,
2001,70,
2002,70,
2003,70,-47022.0
2004,70,-47123.0
2005,70,1617.0
2006,70,
2007,70,40424.0
2008,70,
2009,70,34597.0
2010,70,18344.0
2011,70,25037.0
2012,70,28224.0
2013,70,29463.0
2014,70,30859.0
2015,70,32210.0
2016,70,33279.0
2017,70,36412.0
2018,70,37.114
2019,70,37.325
2020,70,37.486
2021,70,67.781
2022,70,46.208
1999,99,
2000,99,
2001,99,
2002,99,-6741.0
2003,99,-11609.0
2004,99,-14976.0
2005,99,-14528.0
2006,99,
2007,99,-13893.0
2008,99,
2009,99,-13654.0
2010,99,-12420.0
2011,99,-15479.0
2012,99,-15390.0
2013,99,-12993.0
2014,99,-7214.0
2015,99,-8281.0
2016,99,-7463.0
2017,99,-6336.0
2018,99,-6.299
2019,99,-6.298
2020,99,-4.294
2021,99,-3.294
2022,99,-3.282
1999,122,
2000,122,
2001,122,
2002,122,-2402.0
2003,122,-5015.0
2004,122,-6165.0
2005,122,-8380.0
2006,122,
2007,122,-5468.0
2008,122,
2009,122,-4826.0
2010,122,-3656.0
2011,122,-3633.0
2012,122,-3063.0
2013,122,-2681.0
2014,122,-2437.0
2015,122,-2309.0
2016,122,-2295.0
2017,122,-33.0
2018,122,0.132
2019,122,0.329
2020,122,0.383
2021,122,1e-05
2022,122,1.0000000000332e-07
1999,154,
2000,154,
2001,154,
2002,154,-2452.0
2003,154,-4271.0
2004,154,-5021.0
2005,154,-6217.0
2006,154,
2007,154,-9675.0
2008,154,
2009,154,-13043.0
2010,154,-12454.0
2011,154,-9990.0
2012,154,-10725.0
2013,154,-14451.0
2014,154,-13421.0
2015,154,-11266.0
2016,154,-9558.0
2017,154,-9239.0
2018,154,-8.328
2019,154,-8.322
2020,154,-8.277
2021,154,-8.234
2022,154,-8.198
1999,166,
2000,166,
2001,166,
2002,166,-2991.0
2003,166,-7659.0
2004,166,-7226.0
2005,166,-6848.0
2006,166,
2007,166,-6298.0
2008,166,
2009,166,-6085.0
2010,166,-6006.0
2011,166,-5984.0
2012,166,-5964.0
2013,166,-5899.0
2014,166,-5851.0
2015,166,-5718.0
2016,166,-5664.0
2017,166,-5601.0
2018,166,-12.788
2019,166,-13.66
2020,166,-13.562
2021,166,0.0
2022,166,-5.432
1999,168,
2000,168,
2001,168,
2002,168,-11344.0
2003,168,-10953.0
2004,168,-7809.0
2005,168,-692.0
2006,168,-621.0
2007,168,-395.0
2008,168,
2009,168,475.0
2010,168,475.0
2011,168,510.0
2012,168,61.0
2013,168,-2466.0
2014,168,-5741.0
2015,168,-5459.0
2016,168,-5332.0
2017,168,-5256.0
2018,168,-5.198
2019,168,-6.087
2020,168,-6.065
2021,168,-6.016
2022,168,-5.964
1999,171,
2000,171,
2001,171,
2002,171,-1167.0
2003,171,-3401.0
2004,171,-2401.0
2005,171,-1624.0
2006,171,
2007,171,-1624.0
2008,171,
2009,171,-1624.0
2010,171,
2011,171,
2012,171,
2013,171,
2014,171,
2015,171,
2016,171,
2017,171,437.0
2018,171,0.553
2019,171,1.94
2020,171,3.878
2021,171,4.456
2022,171,4.694
1999,182,
2000,182,
2001,182,
2002,182,-14589.0
2003,182,-23193.0
2004,182,-23400.0
2005,182,-11028.0
2006,182,
2007,182,-4676.0
2008,182,
2009,182,-3781.0
2010,182,304.0
2011,182,341.0
2012,182,2561.0
2013,182,3635.0
2014,182,3735.0
2015,182,3739.0
2016,182,4059.0
2017,182,3653.0
2018,182,3.69
2019,182,3.813
2020,182,5.267
2021,182,7.032
2022,182,7.618
1999,195,
2000,195,
2001,195,
2002,195,-7587.0
2003,195,-13648.0
2004,195,-17763.0
2005,195,-9582.0
2006,195,
2007,195,-10032.0
2008,195,
2009,195,-12263.0
2010,195,-10606.0
2011,195,-5538.0
2012,195,-5509.0
2013,195,-5436.0
2014,195,-5362.0
2015,195,-6959.0
2016,195,-8202.0
2017,195,-5338.0
2018,195,-4.921
2019,195,-4.736
2020,195,-3.733
2021,195,0.0
2022,195,-6.677
1999,229,
2000,229,
2001,229,
2002,229,-11469.0
2003,229,-16281.0
2004,229,-13718.0
2005,229,-13855.0
2006,229,
2007,229,-9387.0
2008,229,
2009,229,-11906.0
2010,229,-7323.0
2011,229,-8767.0
2012,229,-10511.0
2013,229,-11744.0
2014,229,-13341.0
2015,229,-14342.0
2016,229,-14402.0
2017,229,-14283.0
2018,229,-7.708
2019,229,-9.792
2020,229,-7.288
2021,229,-13.974
2022,229,-13.948
1999,240,
2000,240,
2001,240,
2002,240,-4608.0
2003,240,-8380.0
2004,240,-12988.0
2005,240,-11207.0
2006,240,
2007,240,-7428.0
2008,240,
2009,240,-9020.0
2010,240,-8421.0
2011,240,-9290.0
2012,240,-9355.0
2013,240,-10155.0
2014,240,-11433.0
2015,240,-11510.0
2016,240,-12817.0
2017,240,-14096.0
2018,240,-18.873
2019,240,-20.762
2020,240,-20.571
2021,240,-20.468
2022,240,-20.3
1999,246,
2000,246,
2001,246,
2002,246,
2003,246,-8895.0
2004,246,-10754.0
2005,246,-11351.0
2006,246,
2007,246,-9714.0
2008,246,
2009,246,-10872.0
2010,246,-14362.0
2011,246,-19633.0
2012,246,-18694.0
2013,246,-25024.0
2014,246,-13279.0
2015,246,-12071.0
2016,246,-4631.0
2017,246,-5013.0
2018,246,-8.691
2019,246,-9.424
2020,246,-9.903
2021,246,-9.956
2022,246,-10.613
1999,267,
2000,267,
2001,267,
2002,267,2190.0
2003,267,
2004,267,
2005,267,1385.0
2006,267,
2007,267,1475.0
2008,267,
2009,267,1488.0
2010,267,2160.0
2011,267,2568.0
2012,267,2319.0
2013,267,2133.0
2014,267,1339.0
2015,267,-211.0
2016,267,239.0
2017,267,1720.0
2018,267,1.814
2019,267,1.996
2020,267,2.126
2021,267,2.225
2022,267,1.311
1999,466,
2000,466,
2001,466,
2002,466,-1046.0
2003,466,-1117.0
2004,466,-1070.0
2005,466,-1012.0
2006,466,-960.0
2007,466,-944.0
2008,466,
2009,466,-1719.0
2010,466,-1814.0
2011,466,-592.0
2012,466,-705.0
2013,466,-2127.0
2014,466,-2494.0
2015,466,-3932.0
2016,466,-4841.0
2017,466,-6218.0
2018,466,-13.977
2019,466,-10.628
2020,466,-5.509
2021,466,-3.988
2022,466,-1.705
1999,469,
2000,469,
2001,469,
2002,469,-22248.0
2003,469,-25368.0
2004,469,-25518.0
2005,469,-15581.0
2006,469,
2007,469,-10881.0
2008,469,
2009,469,-3702.0
2010,469,-2361.0
2011,469,-2084.0
2012,469,-1842.0
2013,469,-672.0
2014,469,-745.0
2015,469,-558.0
2016,469,-457.0
2017,469,-358.0
2018,469,-0.722
2019,469,-0.554
2020,469,0.926
2021,469,1.625
2022,469,2.243
1999,565,
2000,565,
2001,565,
2002,565,-3955.0
2003,565,-7322.0
2004,565,-4576.0
2005,565,-4928.0
2006,565,
2007,565,-2307.0
2008,565,
2009,565,-2952.0
2010,565,-2955.0
2011,565,-2912.0
2012,565,-2745.0
2013,565,-2741.0
2014,565,-1685.0
2015,565,-1661.0
2016,565,-1857.0
2017,565,-5418.0
2018,565,-6.0
2019,565,-4.305
2020,565,-3.715
2021,565,-1.379
2022,565,-3.464
1999,587,
2000,587,
2001,587,204.0
2002,587,11.0
2003,587,
2004,587,
2005,587,24.0
2006,587,
2007,587,24.0
2008,587,
2009,587,-842.0
2010,587,-523.0
2011,587,-503.0
2012,587,-926.0
2013,587,-13717.0
2014,587,-13529.0
2015,587,-12909.0
2016,587,-6338.0
2017,587,-2127.0
2018,587,0.107
2019,587,0.813
2020,587,1.605
2021,587,2.337
2022,587,2.947
1999,666,
2000,666,
2001,666,
2002,666,-1336.0
2003,666,-1955.0
2004,666,-1899.0
2005,666,133.0
2006,666,
2007,666,638.0
2008,666,
2009,666,2176.0
2010,666,660.0
2011,666,746.0
2012,666,1398.0
2013,666,2308.0
2014,666,2933.0
2015,666,3127.0
2016,666,7018.0
2017,666,6726.0
2018,666,5.546
2019,666,4.394
2020,666,6.559
2021,666,7.25
2022,666,7.496
1999,681,
2000,681,
2001,681,
2002,681,-38311.0
2003,681,-28887.0
2004,681,-22233.0
2005,681,-10481.0
2006,681,
2007,681,-8536.0
2008,681,
2009,681,-15054.0
2010,681,-10440.0
2011,681,-4890.0
2012,681,-1674.0
2013,681,592.0
2014,681,3538.0
2015,681,6114.0
2016,681,7542.0
2017,681,8456.0
2018,681,9.867
2019,681,20.163
2020,681,35.758
2021,681,62.396
2022,681,73.39
1999,812,
2000,812,781.0
2001,812,-690.0
2002,812,-657.0
2003,812,-1003.0
2004,812,-1162.0
2005,812,-1017.0
2006,812,
2007,812,-1411.0
2008,812,
2009,812,-3326.0
2010,812,-1421.0
2011,812,-4141.0
2012,812,-5112.0
2013,812,-6327.0
2014,812,-6577.0
2015,812,-6626.0
2016,812,-1691.0
2017,812,-762.0
2018,812,-0.469
2019,812,-2.017
2020,812,-1.656
2021,812,-1.501
2022,812,-4.074
1999,831,
2000,831,
2001,831,
2002,831,-2185.0
2003,831,-8183.0
2004,831,-25219.0
2005,831,-30277.0
2006,831,
2007,831,-3962.0
2008,831,
2009,831,-3212.0
2010,831,-2933.0
2011,831,-4591.0
2012,831,-11016.0
2013,831,-13664.0
2014,831,-10235.0
2015,831,-14781.0
2016,831,-11108.0
2017,831,-7414.0
2018,831,-6.908
2019,831,-6.347
2020,831,-6.297
2021,831,-6.253
2022,831,-6.304
1999,874,
2000,874,
2001,874,
2002,874,
2003,874,-27046.0
2004,874,-36255.0
2005,874,-33897.0
2006,874,
2007,874,-16778.0
2008,874,
2009,874,-12406.0
2010,874,-9635.0
2011,874,-8635.0
2012,874,-9122.0
2013,874,-13804.0
2014,874,-20602.0
2015,874,-18759.0
2016,874,-20836.0
2017,874,-21482.0
2018,874,-20.084
2019,874,-20.441
2020,874,-19.884
2021,874,-19.181
2022,874,-18.947
1999,922,
2000,922,
2001,922,
2002,922,-2048.0
2003,922,-2499.0
2004,922,-5169.0
2005,922,-5164.0
2006,922,
2007,922,-2490.0
2008,922,
2009,922,-2476.0
2010,922,-2473.0
2011,922,-5012.0
2012,922,-8557.0
2013,922,-7067.0
2014,922,-6976.0
2015,922,-10282.0
2016,922,-10043.0
2017,922,-10184.0
2018,922,-9.534
2019,922,-10.661
2020,922,-10.724
2021,922,-10.745
2022,922,-13.905
1999,1015,
2000,1015,
2001,1015,
2002,1015,-44214.0
2003,1015,-57027.0
2004,1015,-50565.0
2005,1015,-42534.0
2006,1015,
2007,1015,-40027.0
2008,1015,
2009,1015,-28001.0
2010,1015,-32042.0
2011,1015,-35076.0
2012,1015,-38852.0
2013,1015,-35641.0
2014,1015,-27584.0
2015,1015,-27539.0
2016,1015,-27255.0
2017,1015,-27209.0
2018,1015,-21.486
2019,1015,-21.432
2020,1015,-21.413
2021,1015,-15.356
2022,1015,-15.261
1999,1020,
2000,1020,
2001,1020,
2002,1020,
2003,1020,-32958.0
2004,1020,-39079.0
2005,1020,-34032.0
2006,1020,
2007,1020,-23580.0
2008,1020,
2009,1020,-19623.0
2010,1020,-26059.0
2011,1020,-34773.0
2012,1020,-32220.0
2013,1020,-43652.0
2014,1020,-42753.0
2015,1020,-42760.0
2016,1020,-31328.0
2017,1020,-26922.0
2018,1020,-36.946
2019,1020,-43.306
2020,1020,-49.547
2021,1020,-51.545
2022,1020,-55.371
1999,1031,
2000,1031,
2001,1031,
2002,1031,
2003,1031,-17500.0
2004,1031,-25932.0
2005,1031,-11448.0
2006,1031,
2007,1031,-14219.0
2008,1031,
2009,1031,-30666.0
2010,1031,-48039.0
2011,1031,-68368.0
2012,1031,-75827.0
2013,1031,-57951.0
2014,1031,-54454.0
2015,1031,-40620.0
2016,1031,-29327.0
2017,1031,-28418.0
2018,1031,-23.495
2019,1031,-23.485
2020,1031,-23.477
2021,1031,-23.47
2022,1031,-23.441
1999,1034,
1999,1034,
2000,1034,
2000,1034,
2001,1034,
2001,1034,
2002,1034,
2002,1034,
2003,1034,-56543.0
2003,1034,-56543.0
2004,1034,-67096.0
2004,1034,-67096.0
2005,1034,-51200.0
2005,1034,-51200.0
2006,1034,
2006,1034,
2007,1034,-26838.0
2007,1034,-26838.0
2008,1034,
2008,1034,
2009,1034,-19857.0
2009,1034,-19857.0
2010,1034,-29899.0
2010,1034,-29899.0
2011,1034,-35502.0
2011,1034,-35502.0
2012,1034,-44706.0
2012,1034,-44706.0
2013,1034,-55138.0
2013,1034,-55138.0
2014,1034,-51348.0
2014,1034,-51348.0
2015,1034,-41452.0
2015,1034,-41452.0
2016,1034,-35802.0
2016,1034,-35802.0
2017,1034,-25640.0
2017,1034,-25640.0
2018,1034,-25.637
2018,1034,-25.637
2019,1034,-21.552
2019,1034,-21.552
2020,1034,-21.15
2020,1034,-21.15
2021,1034,-21.831
2021,1034,-21.831
2022,1034,-20.002
2022,1034,-20.002
1999,1061,
2000,1061,
2001,1061,717.0
2002,1061,
2003,1061,-1155.0
2004,1061,-304.0
2005,1061,-76.0
2006,1061,
2007,1061,966.0
2008,1061,
2009,1061,1614.0
2010,1061,1657.0
2011,1061,1746.0
2012,1061,1446.0
2013,1061,-12520.0
2014,1061,-23664.0
2015,1061,-20778.0
2016,1061,-20761.0
2017,1061,-20717.0
2018,1061,-20.682
2019,1061,-20.578
2020,1061,-20.534
2021,1061,-19.51
2022,1061,-19.357
1999,1063,
2000,1063,
2001,1063,
2002,1063,
2003,1063,-19390.0
2004,1063,-18700.0
2005,1063,-12064.0
2006,1063,
2007,1063,-20343.0
2008,1063,
2009,1063,-17095.0
2010,1063,-27929.0
2011,1063,-34614.0
2012,1063,-18982.0
2013,1063,-11058.0
2014,1063,-10881.0
2015,1063,-10244.0
2016,1063,-9800.0
2017,1063,-9678.0
2018,1063,-11.75
2019,1063,-24.385
2020,1063,-28.637
2021,1063,-24.027
2022,1063,-23.933
1999,1066,
2000,1066,
2001,1066,
2002,1066,2528.0
2003,1066,
2004,1066,
2005,1066,525.0
2006,1066,
2007,1066,344.0
2008,1066,
2009,1066,-568.0
2010,1066,-2385.0
2011,1066,-3501.0
2012,1066,-3169.0
2013,1066,-2203.0
2014,1066,-2097.0
2015,1066,-1243.0
2016,1066,-1227.0
2017,1066,-2537.0
2018,1066,-7.229
2019,1066,-8.736
2020,1066,-8.508
2021,1066,-4.662
2022,1066,-4.642
1999,1137,
2000,1137,496.0
2001,1137,
2002,1137,-3936.0
2003,1137,-3832.0
2004,1137,-2054.0
2005,1137,-1171.0
2006,1137,-991.0
2007,1137,-810.0
2008,1137,-670.0
2009,1137,-363.0
2010,1137,-331.0
2011,1137,-301.0
2012,1137,-300.0
2013,1137,-726.0
2014,1137,-2803.0
2015,1137,-7041.0
2016,1137,-6936.0
2017,1137,-8801.0
2018,1137,-9.396
2019,1137,-6.247
2020,1137,-6.106
2021,1137,-2.087
2022,1137,-2.026
1999,1139,
2000,1139,
2001,1139,
2002,1139,
2003,1139,
2004,1139,
2005,1139,3689.0
2006,1139,
2007,1139,5249.0
2008,1139,
2009,1139,9148.0
2010,1139,9266.0
2011,1139,11077.0
2012,1139,11690.0
2013,1139,9360.0
2014,1139,8364.0
2015,1139,7401.0
2016,1139,4459.0
2017,1139,1505.0
2018,1139,1.207
2019,1139,0.182
2020,1139,0.59
2021,1139,0.881
2022,1139,1.267
1999,1200,
2000,1200,
2001,1200,
2002,1200,
2003,1200,-20077.0
2004,1200,-18912.0
2005,1200,-14645.0
2006,1200,
2007,1200,-11595.0
2008,1200,
2009,1200,-16455.0
2010,1200,-18171.0
2011,1200,-16395.0
2012,1200,-14525.0
2013,1200,-12724.0
2014,1200,-11516.0
2015,1200,-10365.0
2016,1200,-8864.0
2017,1200,-7318.0
2018,1200,5.547
2019,1200,5.759
2020,1200,5.871
2021,1200,4.743
2022,1200,6.939
1999,1224,
2000,1224,
2001,1224,43.0
2002,1224,180.0
2003,1224,-3447.0
2004,1224,-12656.0
2005,1224,-6177.0
2006,1224,
2007,1224,-4337.0
2008,1224,
2009,1224,-2164.0
2010,1224,-7841.0
2011,1224,-6261.0
2012,1224,-6454.0
2013,1224,-6555.0
2014,1224,-6667.0
2015,1224,-6277.0
2016,1224,-5632.0
2017,1224,-5525.0
2018,1224,-5.293
2019,1224,-5.21
2020,1224,-3.78
2021,1224,0.158
2022,1224,1.691
1999,1247,
2000,1247,
2001,1247,
2002,1247,-6577.0
2003,1247,-10681.0
2004,1247,-14614.0
2005,1247,-18188.0
2006,1247,
2007,1247,-14338.0
2008,1247,
2009,1247,-5069.0
2010,1247,-4013.0
2011,1247,-3441.0
2012,1247,
2013,1247,
2014,1247,
2015,1247,-4474.0
2016,1247,10883.0
2017,1247,8453.0
2018,1247,20.789
2019,1247,41.128
2020,1247,
2021,1247,0.0
2022,1247,8.363
1999,1263,
2000,1263,220.0
2001,1263,
2002,1263,-1633.0
2003,1263,-3032.0
2004,1263,-3135.0
2005,1263,-3731.0
2006,1263,
2007,1263,-3030.0
2008,1263,
2009,1263,-3092.0
2010,1263,-3181.0
2011,1263,-3711.0
2012,1263,-4445.0
2013,1263,-4836.0
2014,1263,-5225.0
2015,1263,-4223.0
2016,1263,-4400.0
2017,1263,-4376.0
2018,1263,-4.362
2019,1263,-4.539
2020,1263,-4.852
2021,1263,-5.012
2022,1263,-5.309
1999,1268,
2000,1268,
2001,1268,
2002,1268,-1452.0
2003,1268,-1571.0
2004,1268,-144.0
2005,1268,-225.0
2006,1268,-210.0
2007,1268,-322.0
2008,1268,-295.0
2009,1268,-301.0
2010,1268,-2089.0
2011,1268,-4503.0
2012,1268,-8903.0
2013,1268,-11581.0
2014,1268,-12978.0
2015,1268,-9060.0
2016,1268,-9043.0
2017,1268,-11495.0
2018,1268,-12.377
2019,1268,-10.139
2020,1268,-5.689
2021,1268,-2.425
2022,1268,-2.096
1999,1271,
2000,1271,362.0
2001,1271,-499.0
2002,1271,-650.0
2003,1271,-1075.0
2004,1271,-1391.0
2005,1271,-1473.0
2006,1271,
2007,1271,-1279.0
2008,1271,
2009,1271,-1449.0
2010,1271,-4381.0
2011,1271,-4922.0
2012,1271,-5174.0
2013,1271,-4706.0
2014,1271,-4159.0
2015,1271,-3659.0
2016,1271,41.0
2017,1271,360.0
2018,1271,0.018
2019,1271,-0.287
2020,1271,0.147
2021,1271,0.604
2022,1271,0.614
1999,1304,
2000,1304,655.0
2001,1304,-616.0
2002,1304,-574.0
2003,1304,-522.0
2004,1304,-421.0
2005,1304,-7.0
2006,1304,-1.0
2007,1304,66.0
2008,1304,
2009,1304,468.0
2010,1304,592.0
2011,1304,825.0
2012,1304,1897.0
2013,1304,1716.0
2014,1304,1145.0
2015,1304,1702.0
2016,1304,2997.0
2017,1304,5956.0
2018,1304,10.527
2019,1304,11.399
2020,1304,13.084
2021,1304,13.935
2022,1304,15.012
1999,1309,
2000,1309,
2001,1309,-465.0
2002,1309,-606.0
2003,1309,-2712.0
2004,1309,-14397.0
2005,1309,-12145.0
2006,1309,
2007,1309,-6547.0
2008,1309,
2009,1309,-5180.0
2010,1309,-3517.0
2011,1309,-6633.0
2012,1309,-10834.0
2013,1309,-9867.0
2014,1309,-8817.0
2015,1309,-8800.0
2016,1309,-8792.0
2017,1309,-8526.0
2018,1309,-8.484
2019,1309,-8.343
2020,1309,-7.783
2021,1309,-7.667
2022,1309,-7.538
1999,2034,
2000,2034,
2001,2034,-441.0
2002,2034,-4269.0
2003,2034,-26078.0
2004,2034,-25868.0
2005,2034,-17583.0
2006,2034,
2007,2034,-7814.0
2008,2034,
2009,2034,-20896.0
2010,2034,-24620.0
2011,2034,-11505.0
2012,2034,-7336.0
2013,2034,-10254.0
2014,2034,-6359.0
2015,2034,-2617.0
2016,2034,-1724.0
2017,2034,-1631.0
2018,2034,-4.736
2019,2034,-4.548
2020,2034,-4.444
2021,2034,-4.439
2022,2034,-4.324
1999,2100,
2000,2100,
2001,2100,
2002,2100,
2003,2100,-3198.0
2004,2100,-3252.0
2005,2100,-3221.0
2006,2100,
2007,2100,-3800.0
2008,2100,
2009,2100,-8720.0
2010,2100,-8648.0
2011,2100,-5122.0
2012,2100,-8557.0
2013,2100,-9399.0
2014,2100,-9345.0
2015,2100,-7258.0
2016,2100,-4013.0
2017,2100,-3836.0
2018,2100,-3.753
2019,2100,-3.71
2020,2100,-3.689
2021,2100,-3.679
2022,2100,-3.667
1999,2200,
2000,2200,
2001,2200,
2002,2200,
2003,2200,-36858.0
2004,2200,-39171.0
2005,2200,-21043.0
2006,2200,
2007,2200,-27641.0
2008,2200,
2009,2200,-28788.0
2010,2200,-27996.0
2011,2200,-28729.0
2012,2200,-28620.0
2013,2200,-23572.0
2014,2200,-25468.0
2015,2200,-23458.0
2016,2200,-9140.0
2017,2200,-8208.0
2018,2200,-7.195
2019,2200,-6.857
2020,2200,-6.788
2021,2200,-6.586
2022,2200,-6.694
1999,2300,
2000,2300,
2001,2300,
2002,2300,-1961.0
2003,2300,-4531.0
2004,2300,-6220.0
2005,2300,-6291.0
2006,2300,
2007,2300,-5690.0
2008,2300,
2009,2300,-13666.0
2010,2300,-13389.0
2011,2300,-13344.0
2012,2300,-13306.0
2013,2300,-13295.0
2014,2300,-13262.0
2015,2300,-13243.0
2016,2300,-12588.0
2017,2300,-12572.0
2018,2300,-12.516
2019,2300,-12.554
2020,2300,-11.879
2021,2300,-11.835
2022,2300,-11.812
1999,2400,
2000,2400,
2001,2400,
2002,2400,
2003,2400,-54300.0
2004,2400,-60394.0
2005,2400,-57191.0
2006,2400,
2007,2400,-45131.0
2008,2400,
2009,2400,-23339.0
2010,2400,-22812.0
2011,2400,-22669.0
2012,2400,-22474.0
2013,2400,-22331.0
2014,2400,-22251.0
2015,2400,-25619.0
2016,2400,-28309.0
2017,2400,-36900.0
2018,2400,-40.463
2019,2400,-40.359
2020,2400,-40.034
2021,2400,-39.711
2022,2400,-39.68
1999,2500,
2000,2500,
2001,2500,884.0
2002,2500,
2003,2500,
2004,2500,
2005,2500,2282.0
2006,2500,
2007,2500,3835.0
2008,2500,
2009,2500,6093.0
2010,2500,7481.0
2011,2500,7695.0
2012,2500,9470.0
2013,2500,10119.0
2014,2500,6141.0
2015,2500,7203.0
2016,2500,7936.0
2017,2500,11132.0
2018,2500,12.803
2019,2500,14.063
2020,2500,14.27
2021,2500,18.6
2022,2500,14.201
1999,2530,
2000,2530,
2001,2530,
2002,2530,-6264.0
2003,2530,-11717.0
2004,2530,-14988.0
2005,2530,-14852.0
2006,2530,
2007,2530,
2008,2530,
2009,2530,-14241.0
2010,2530,-14613.0
2011,2530,-13359.0
2012,2530,-40713.0
2013,2530,-79584.0
2014,2530,-99267.0
2015,2530,-69047.0
2016,2530,-63483.0
2017,2530,-38480.0
2018,2530,-14.023
2019,2530,-13.98
2020,2530,-13.557
2021,2530,-8.877
2022,2530,-8.649
1999,2550,
2000,2550,
2001,2550,
2002,2550,-29710.0
2003,2550,-35553.0
2004,2550,-36264.0
2005,2550,-34863.0
2006,2550,
2007,2550,-28200.0
2008,2550,
2009,2550,-31575.0
2010,2550,-30989.0
2011,2550,-29946.0
2012,2550,-29415.0
2013,2550,-29130.0
2014,2550,-28579.0
2015,2550,-28415.0
2016,2550,-21072.0
2017,2550,-18546.0
2018,2550,-1.613
2019,2550,-1.681
2020,2550,-1.831
2021,2550,-19.132
2022,2550,-22.632
1999,2560,
2000,2560,
2001,2560,
2002,2560,
2003,2560,-31914.0
2004,2560,-38859.0
2005,2560,-26153.0
2006,2560,
2007,2560,
2008,2560,
2009,2560,-15277.0
2010,2560,-15447.0
2011,2560,-15701.0
2012,2560,-16267.0
2013,2560,-16923.0
2014,2560,-14767.0
2015,2560,-12090.0
2016,2560,-7071.0
2017,2560,-7063.0
2018,2560,-7.013
2019,2560,-6.993
2020,2560,-6.849
2021,2560,-6.725
2022,2560,-6.547
1999,2600,
2000,2600,
2001,2600,
2002,2600,
2003,2600,-176224.0
2004,2600,-150776.0
2005,2600,-125464.0
2006,2600,
2007,2600,-50578.0
2008,2600,
2009,2600,-53590.0
2010,2600,-62141.0
2011,2600,-70248.0
2012,2600,-68021.0
2013,2600,-64371.0
2014,2600,-53737.0
2015,2600,-63257.0
2016,2600,-67492.0
2017,2600,-70124.0
2018,2600,-84.342
2019,2600,-82.709
2020,2600,-81.351
2021,2600,-65.7
2022,2600,-63.55
1999,2610,
2000,2610,
2001,2610,
2002,2610,
2003,2610,-65289.0
2004,2610,-70990.0
2005,2610,-45923.0
2006,2610,
2007,2610,736.0
2008,2610,
2009,2610,1547.0
2010,2610,1658.0
2011,2610,1955.0
2012,2610,-3914.0
2013,2610,-15276.0
2014,2610,-35947.0
2015,2610,-34153.0
2016,2610,-30675.0
2017,2610,-29090.0
2018,2610,-34.836
2019,2610,-35.378
2020,2610,-48.54
2021,2610,-53.68
2022,2610,-72.322
1999,2620,
2000,2620,
2001,2620,
2002,2620,
2003,2620,-54528.0
2004,2620,-58319.0
2005,2620,-59963.0
2006,2620,
2007,2620,-60243.0
2008,2620,
2009,2620,-58163.0
2010,2620,-58005.0
2011,2620,-56398.0
2012,2620,-55769.0
2013,2620,-38990.0
2014,2620,-44822.0
2015,2620,-44807.0
2016,2620,-43794.0
2017,2620,-43610.0
2018,2620,-43.374
2019,2620,-42.738
2020,2620,-41.74
2021,2620,-41.37935
2022,2620,-39.987
1999,2630,
2000,2630,
2001,2630,
2002,2630,
2003,2630,-89811.0
2004,2630,-96305.0
2005,2630,-98476.0
2006,2630,
2007,2630,-62667.0
2008,2630,
2009,2630,-41421.0
2010,2630,3809.0
2011,2630,-2057.0
2012,2630,-1534.0
2013,2630,-7406.0
2014,2630,-24335.0
2015,2630,-39129.0
2016,2630,-59501.0
2017,2630,-100293.0
2018,2630,-135.153
2019,2630,-111.447
2020,2630,-83.413
2021,2630,-68.34
2022,2630,-62.99
1999,2640,
2000,2640,
2001,2640,
2002,2640,
2003,2640,-61546.0
2004,2640,-46028.0
2005,2640,-35831.0
2006,2640,
2007,2640,-12208.0
2008,2640,
2009,2640,-10592.0
2010,2640,-8898.0
2011,2640,-7100.0
2012,2640,-6083.0
2013,2640,-4576.0
2014,2640,5498.0
2015,2640,3965.0
2016,2640,4283.0
2017,2640,5704.0
2018,2640,7.029
2019,2640,13.199
2020,2640,14.301
2021,2640,33.068
2022,2640,38.211
1999,2650,
1999,2650,
1999,2650,
2000,2650,
2000,2650,
2000,2650,
2001,2650,
2001,2650,
2001,2650,
2002,2650,
2002,2650,
2002,2650,
2003,2650,-9122.0
2003,2650,-9122.0
2003,2650,-9122.0
2004,2650,-7698.0
2004,2650,-7698.0
2004,2650,-7698.0
2005,2650,-5270.0
2005,2650,-5270.0
2005,2650,-5270.0
2006,2650,
2006,2650,
2006,2650,
2007,2650,-791.0
2007,2650,-791.0
2007,2650,-791.0
2008,2650,-349.0
2008,2650,-349.0
2008,2650,-349.0
2009,2650,2014.0
2009,2650,2014.0
2009,2650,2014.0
2010,2650,3323.0
2010,2650,3323.0
2010,2650,3323.0
2011,2650,817.0
2011,2650,817.0
2011,2650,817.0
2012,2650,-988.0
2012,2650,-988.0
2012,2650,-988.0
2013,2650,-7433.0
2013,2650,-7433.0
2013,2650,-7433.0
2014,2650,-6327.0
2014,2650,-6327.0
2014,2650,-6327.0
2015,2650,-11485.0
2015,2650,-11485.0
2015,2650,-11485.0
2016,2650,-10467.0
2016,2650,-10467.0
2016,2650,-10467.0
2017,2650,-10293.0
2017,2650,-10293.0
2017,2650,-10293.0
2018,2650,-9.786
2018,2650,-9.786
2018,2650,-9.786
2019,2650,-9.692
2019,2650,-9.692
2019,2650,-9.692
2020,2650,-9.606
2020,2650,-9.606
2020,2650,-9.606
2021,2650,-9.035
2021,2650,-9.035
2021,2650,-9.035
2022,2650,-8.894
2022,2650,-8.894
2022,2650,-8.894
1999,2660,
2000,2660,
2001,2660,
2002,2660,
2003,2660,-36737.0
2004,2660,-28388.0
2005,2660,-21402.0
2006,2660,
2007,2660,-22457.0
2008,2660,
2009,2660,-27663.0
2010,2660,-24971.0
2011,2660,-18914.0
2012,2660,-19614.0
2013,2660,-25159.0
2014,2660,-22496.0
2015,2660,-21766.0
2016,2660,-20402.0
2017,2660,-20326.0
2018,2660,-19.694
2019,2660,-19.351
2020,2660,-19.086
2021,2660,-16.978
2022,2660,-13.974
1999,2800,
2000,2800,
2001,2800,
2002,2800,
2003,2800,-41969.0
2004,2800,-45843.0
2005,2800,-46469.0
2006,2800,
2007,2800,-32299.0
2008,2800,
2009,2800,-18971.0
2010,2800,-20048.0
2011,2800,-28429.0
2012,2800,-33209.0
2013,2800,-36811.0
2014,2800,-35484.0
2015,2800,-36277.0
2016,2800,-42738.0
2017,2800,-44969.0
2018,2800,-39.317
2019,2800,-42.875
2020,2800,-41.373
2021,2800,0.0
2022,2800,-30.996
1999,3000,
1999,3000,
1999,3000,
2000,3000,
2000,3000,
2000,3000,
2001,3000,
2001,3000,
2001,3000,
2002,3000,
2002,3000,
2002,3000,
2003,3000,-534147.0
2003,3000,-534147.0
2003,3000,-534147.0
2004,3000,-556770.0
2004,3000,-556770.0
2004,3000,-556770.0
2005,3000,-541341.0
2005,3000,-541341.0
2005,3000,-541341.0
2006,3000,
2006,3000,
2006,3000,
2007,3000,-326513.0
2007,3000,-326513.0
2007,3000,-326513.0
2008,3000,
2008,3000,
2008,3000,
2009,3000,-288079.0
2009,3000,-288079.0
2009,3000,-288079.0
2010,3000,-277893.0
2010,3000,-277893.0
2010,3000,-277893.0
2011,3000,-273568.0
2011,3000,-273568.0
2011,3000,-273568.0
2012,3000,-265117.0
2012,3000,-265117.0
2012,3000,-265117.0
2013,3000,-271020.0
2013,3000,-271020.0
2013,3000,-271020.0
2014,3000,-271501.0
2014,3000,-271501.0
2014,3000,-271501.0
2015,3000,-266846.0
2015,3000,-266846.0
2015,3000,-266846.0
2016,3000,-272622.0
2016,3000,-272622.0
2016,3000,-272622.0
2017,3000,-272622.0
2017,3000,-272622.0
2017,3000,-272622.0
2018,3000,-267.764
2018,3000,-267.764
2018,3000,-267.764
2019,3000,-267.409
2019,3000,-267.409
2019,3000,-267.409
2020,3000,-263.058
2020,3000,-263.058
2020,3000,-263.058
2021,3000,-262.647
2021,3000,-262.647
2021,3000,-262.647
2022,3000,-262.401
2022,3000,-262.401
2022,3000,-262.401
1999,3557,
2000,3557,
2001,3557,
2002,3557,-5191.0
2003,3557,-7431.0
2004,3557,-7748.0
2005,3557,-4767.0
2006,3557,
2007,3557,-1388.0
2008,3557,
2009,3557,-955.0
2010,3557,300.0
2011,3557,226.0
2012,3557,183.0
2013,3557,191.0
2014,3557,355.0
2015,3557,355.0
2016,3557,355.0
2017,3557,1269.0
2018,3557,0.628
2019,3557,0.01
2020,3557,0.061
2021,3557,0.07
2022,3557,0.094
1999,3560,
2000,3560,
2001,3560,
2002,3560,-1588.0
2003,3560,-3979.0
2004,3560,-6884.0
2005,3560,-5507.0
2006,3560,
2007,3560,-2456.0
2008,3560,
2009,3560,-1584.0
2010,3560,-1644.0
2011,3560,-1647.0
2012,3560,-2496.0
2013,3560,-4021.0
2014,3560,-3005.0
2015,3560,-3000.0
2016,3560,-2027.0
2017,3560,-2022.0
2018,3560,-1.54
2019,3560,-1.879
2020,3560,-2.249
2021,3560,-2.409
2022,3560,-2.42
1999,3570,
2000,3570,
2001,3570,
2002,3570,
2003,3570,-18014.0
2004,3570,-18872.0
2005,3570,-11284.0
2006,3570,
2007,3570,-6665.0
2008,3570,
2009,3570,-5792.0
2010,3570,-5419.0
2011,3570,-5213.0
2012,3570,-5127.0
2013,3570,-4770.0
2014,3570,-4369.0
2015,3570,-4233.0
2016,3570,-4121.0
2017,3570,-3183.0
2018,3570,-3.166
2019,3570,-3.046
2020,3570,-2.94
2021,3570,-2.455
2022,3570,-2.34
1999,3574,
2000,3574,
2001,3574,
2002,3574,112.0
2003,3574,-36.0
2004,3574,
2005,3574,-97.0
2006,3574,-237.0
2007,3574,-361.0
2008,3574,-291.0
2009,3574,-334.0
2010,3574,-368.0
2011,3574,-708.0
2012,3574,-1154.0
2013,3574,-1480.0
2014,3574,-1879.0
2015,3574,-1945.0
2016,3574,-1945.0
2017,3574,-2152.0
2018,3574,-3.148
2019,3574,-3.439
2020,3574,-3.696
2021,3574,-4.026
2022,3574,-3.989
1999,3608,
2000,3608,
2001,3608,
2002,3608,-3455.0
2003,3608,-8147.0
2004,3608,-12403.0
2005,3608,-9194.0
2006,3608,
2007,3608,-8148.0
2008,3608,
2009,3608,
2010,3608,
2011,3608,-6181.0
2012,3608,-1997.0
2013,3608,-689.0
2014,3608,-689.0
2015,3608,-683.0
2016,3608,-670.0
2017,3608,-411.0
2018,3608,-0.653
2019,3608,0.273
2020,3608,
2021,3608,1.497
2022,3608,2.288
1999,3611,
2000,3611,
2001,3611,
2002,3611,-2117.0
2003,3611,-1997.0
2004,3611,-7030.0
2005,3611,-6973.0
2006,3611,
2007,3611,-3247.0
2008,3611,
2009,3611,
2010,3611,-5846.0
2011,3611,-7994.0
2012,3611,-5440.0
2013,3611,-4887.0
2014,3611,-4760.0
2015,3611,-6746.0
2016,3611,-7126.0
2017,3611,-7156.0
2018,3611,-7.043
2019,3611,-10.278
2020,3611,-10.587
2021,3611,-8.601
2022,3611,-8.417
1999,3616,
2000,3616,
2001,3616,
2002,3616,
2003,3616,-15440.0
2004,3616,-15036.0
2005,3616,-19659.0
2006,3616,
2007,3616,-13459.0
2008,3616,
2009,3616,-17562.0
2010,3616,-13129.0
2011,3616,-9343.0
2012,3616,-12656.0
2013,3616,-20216.0
2014,3616,-24065.0
2015,3616,-22731.0
2016,3616,-22562.0
2017,3616,-22447.0
2018,3616,-22.4
2019,3616,-26.203
2020,3616,-29.649
2021,3616,-23.366
2022,3616,-23.288
1999,3640,
2000,3640,
2001,3640,-767.0
2002,3640,-3401.0
2003,3640,-3856.0
2004,3640,-2399.0
2005,3640,-2132.0
2006,3640,
2007,3640,-1736.0
2008,3640,
2009,3640,-1489.0
2010,3640,-1591.0
2011,3640,-1643.0
2012,3640,-2072.0
2013,3640,-3943.0
2014,3640,-5901.0
2015,3640,-4946.0
2016,3640,-5604.0
2017,3640,-7129.0
2018,3640,-11.221
2019,3640,-16.39
2020,3640,-19.485
2021,3640,-15.293
2022,3640,-18.457
1999,3650,
2000,3650,
2001,3650,
2002,3650,-1867.0
2003,3650,-1749.0
2004,3650,-1693.0
2005,3650,-1644.0
2006,3650,
2007,3650,-1605.0
2008,3650,
2009,3650,-1469.0
2010,3650,-1419.0
2011,3650,-1457.0
2012,3650,-2031.0
2013,3650,-2057.0
2014,3650,-2030.0
2015,3650,-2882.0
2016,3650,-5140.0
2017,3650,-4707.0
2018,3650,-4.144
2019,3650,-4.561
2020,3650,-4.283
2021,3650,-3.498
2022,3650,-3.131
1999,3652,
2000,3652,14.0
2001,3652,
2002,3652,-1396.0
2003,3652,-4934.0
2004,3652,-7560.0
2005,3652,-10986.0
2006,3652,
2007,3652,-6468.0
2008,3652,
2009,3652,-4032.0
2010,3652,-1979.0
2011,3652,-653.0
2012,3652,-1289.0
2013,3652,-1437.0
2014,3652,-5108.0
2015,3652,-6332.0
2016,3652,-5227.0
2017,3652,-5247.0
2018,3652,-8.008
2019,3652,-28.42
2020,3652,-20.028
2021,3652,-9.668
2022,3652,-7.471
1999,3660,
2000,3660,967.0
2001,3660,-824.0
2002,3660,-792.0
2003,3660,-3658.0
2004,3660,-5114.0
2005,3660,-6392.0
2006,3660,
2007,3660,-6963.0
2008,3660,
2009,3660,-2920.0
2010,3660,-2886.0
2011,3660,-1354.0
2012,3660,-1314.0
2013,3660,-2579.0
2014,3660,-5888.0
2015,3660,-6521.0
2016,3660,-4108.0
2017,3660,-3881.0
2018,3660,-3.653
2019,3660,-4.426
2020,3660,-3.09
2021,3660,-2.125
2022,3660,-1.513
1999,3730,
2000,3730,
2001,3730,
2002,3730,-11491.0
2003,3730,-16325.0
2004,3730,-19640.0
2005,3730,-16070.0
2006,3730,
2007,3730,-12190.0
2008,3730,
2009,3730,-9002.0
2010,3730,-7638.0
2011,3730,-4138.0
2012,3730,-4131.0
2013,3730,-4414.0
2014,3730,-4383.0
2015,3730,-6846.0
2016,3730,-6066.0
2017,3730,-5243.0
2018,3730,0.542
2019,3730,0.2
2020,3730,0.805
2021,3730,-5.205
2022,3730,-3.491
1999,3750,
2000,3750,
2001,3750,
2002,3750,-1719.0
2003,3750,-4855.0
2004,3750,-7458.0
2005,3750,-9021.0
2006,3750,
2007,3750,-4621.0
2008,3750,
2009,3750,-3605.0
2010,3750,-1824.0
2011,3750,-5847.0
2012,3750,-5842.0
2013,3750,-9631.0
2014,3750,-8459.0
2015,3750,-8538.0
2016,3750,-7984.0
2017,3750,-8215.0
2018,3750,-16.821
2019,3750,-18.101
2020,3750,-12.089
2021,3750,-7.273
2022,3750,-7.273
1999,3760,
2000,3760,311.0
2001,3760,-349.0
2002,3760,-588.0
2003,3760,-1265.0
2004,3760,-1322.0
2005,3760,-807.0
2006,3760,-753.0
2007,3760,-940.0
2008,3760,-854.0
2009,3760,-761.0
2010,3760,-751.0
2011,3760,-745.0
2012,3760,-728.0
2013,3760,-718.0
2014,3760,-716.0
2015,3760,-715.0
2016,3760,-711.0
2017,3760,-705.0
2018,3760,-0.698
2019,3760,-0.698
2020,3760,-3.256
2021,3760,-11.75374
2022,3760,-19.114
1999,3769,
2000,3769,559.0
2001,3769,-122.0
2002,3769,23.0
2003,3769,
2004,3769,
2005,3769,771.0
2006,3769,
2007,3769,1163.0
2008,3769,
2009,3769,955.0
2010,3769,386.0
2011,3769,813.0
2012,3769,152.0
2013,3769,156.0
2014,3769,-81.0
2015,3769,-1990.0
2016,3769,-1800.0
2017,3769,-1690.0
2018,3769,-2.726
2019,3769,-2.292
2020,3769,-1.368
2021,3769,-0.915
2022,3769,-0.058
1999,3780,
2000,3780,469.0
2001,3780,71.0
2002,3780,
2003,3780,-1127.0
2004,3780,-5113.0
2005,3780,-3256.0
2006,3780,
2007,3780,-10545.0
2008,3780,
2009,3780,-12873.0
2010,3780,-11105.0
2011,3780,-14425.0
2012,3780,-18297.0
2013,3780,-32004.0
2014,3780,-31943.0
2015,3780,-23978.0
2016,3780,-13247.0
2017,3780,-13199.0
2018,3780,-13.1
2019,3780,-13.033
2020,3780,-12.587
2021,3780,-12.486
2022,3780,-16.551
1999,3797,
2000,3797,
2001,3797,
2002,3797,-3901.0
2003,3797,-7359.0
2004,3797,-9113.0
2005,3797,-6866.0
2006,3797,
2007,3797,-3536.0
2008,3797,
2009,3797,2189.0
2010,3797,2820.0
2011,3797,7818.0
2012,3797,7564.0
2013,3797,7302.0
2014,3797,3064.0
2015,3797,3170.0
2016,3797,3550.0
2017,3797,5448.0
2018,3797,-5.606
2019,3797,-3.019
2020,3797,1.037
2021,3797,5.871
2022,3797,5.504
1999,4000,
2000,4000,
2001,4000,
2002,4000,
2003,4000,-124901.0
2004,4000,-132467.0
2005,4000,-130258.0
2006,4000,
2007,4000,-78064.0
2008,4000,
2009,4000,-66495.0
2010,4000,-50523.0
2011,4000,-30071.0
2012,4000,-21190.0
2013,4000,-20025.0
2014,4000,-17794.0
2015,4000,-15606.0
2016,4000,-13593.0
2017,4000,-3388.0
2018,4000,-1.412
2019,4000,0.958
2020,4000,1.327
2021,4000,1.67147
2022,4000,2.245
1999,4100,
2000,4100,
2001,4100,
2002,4100,-1513.0
2003,4100,-821.0
2004,4100,-830.0
2005,4100,-502.0
2006,4100,
2007,4100,888.0
2008,4100,
2009,4100,425.0
2010,4100,383.0
2011,4100,723.0
2012,4100,657.0
2013,4100,-164.0
2014,4100,
2015,4100,53.0
2016,4100,57.0
2017,4100,68.0
2018,4100,-0.401
2019,4100,-0.05
2020,4100,0.242
2021,4100,0.17
2022,4100,2.65
1999,5000,
2000,5000,
2001,5000,
2002,5000,
2003,5000,-881345.0
2004,5000,-858840.0
2005,5000,-834771.0
2006,5000,
2007,5000,-712093.0
2008,5000,
2009,5000,-610603.0
2010,5000,-559842.0
2011,5000,-515930.0
2012,5000,-470741.0
2013,5000,-435357.0
2014,5000,-400789.0
2015,5000,-382366.0
2016,5000,-365221.0
2017,5000,-351803.0
2018,5000,-337.309
2019,5000,-330.892
2020,5000,-329.383
2021,5000,-325.836
2022,5000,-322.37
1999,6100,
2000,6100,
2001,6100,
2002,6100,
2003,6100,-191265.0
2004,6100,-253435.0
2005,6100,-266976.0
2006,6100,
2007,6100,-285573.0
2008,6100,
2009,6100,-181254.0
2010,6100,-122294.0
2011,6100,-102726.0
2012,6100,-93439.0
2013,6100,-95335.0
2014,6100,-96134.0
2015,6100,-97934.0
2016,6100,-99760.0
2017,6100,-101250.0
2018,6100,-101.175
2019,6100,-101.107
2020,6100,-109.574
2021,6100,-109.429
2022,6100,-109.019
1999,6200,
1999,6200,
1999,6200,
2000,6200,
2000,6200,
2000,6200,
2001,6200,
2001,6200,
2001,6200,
2002,6200,
2002,6200,
2002,6200,
2003,6200,-171427.0
2003,6200,-171427.0
2003,6200,-171427.0
2004,6200,-169323.0
2004,6200,-169323.0
2004,6200,-169323.0
2005,6200,-139870.0
2005,6200,-139870.0
2005,6200,-139870.0
2006,6200,
2006,6200,
2006,6200,
2007,6200,-94363.0
2007,6200,-94363.0
2007,6200,-94363.0
2008,6200,
2008,6200,
2008,6200,
2009,6200,-94755.0
2009,6200,-94755.0
2009,6200,-94755.0
2010,6200,-94562.0
2010,6200,-94562.0
2010,6200,-94562.0
2011,6200,-94126.0
2011,6200,-94126.0
2011,6200,-94126.0
2012,6200,-93544.0
2012,6200,-93544.0
2012,6200,-93544.0
2013,6200,-92652.0
2013,6200,-92652.0
2013,6200,-92652.0
2014,6200,-91562.0
2014,6200,-91562.0
2014,6200,-91562.0
2015,6200,-99175.0
2015,6200,-99175.0
2015,6200,-99175.0
2016,6200,-91336.0
2016,6200,-91336.0
2016,6200,-91336.0
2017,6200,-91210.0
2017,6200,-91210.0
2017,6200,-91210.0
2018,6200,-96.046
2018,6200,-96.046
2018,6200,-96.046
2019,6200,-110.031
2019,6200,-110.031
2019,6200,-110.031
2020,6200,-127.636
2020,6200,-127.636
2020,6200,-127.636
2021,6200,-95.035
2021,6200,-95.035
2021,6200,-95.035
2022,6200,-92.285
2022,6200,-92.285
2022,6200,-92.285
1999,6300,
2000,6300,
2001,6300,
2002,6300,
2003,6300,-111149.0
2004,6300,-122281.0
2005,6300,-112180.0
2006,6300,
2007,6300,-85888.0
2008,6300,
2009,6300,-110718.0
2010,6300,-105147.0
2011,6300,-102946.0
2012,6300,-100792.0
2013,6300,-103048.0
2014,6300,-103024.0
2015,6300,-99740.0
2016,6300,-99667.0
2017,6300,-100292.0
2018,6300,-100.349
2019,6300,-99.551
2020,6300,-97.762
2021,6300,-95.76
2022,6300,-90.412
1999,6400,
2000,6400,
2001,6400,
2002,6400,
2003,6400,-63529.0
2004,6400,-54524.0
2005,6400,-37591.0
2006,6400,
2007,6400,42840.0
2008,6400,
2009,6400,50818.0
2010,6400,62358.0
2011,6400,59350.0
2012,6400,52149.0
2013,6400,32644.0
2014,6400,23286.0
2015,6400,19442.0
2016,6400,26732.0
2017,6400,48854.0
2018,6400,46.457
2019,6400,79.801
2020,6400,104.053
2021,6400,134.106
2022,6400,88.095
1999,6500,
2000,6500,
2001,6500,
2002,6500,
2003,6500,-162335.0
2004,6500,-171924.0
2005,6500,-172804.0
2006,6500,
2007,6500,-143378.0
2008,6500,
2009,6500,-84941.0
2010,6500,-88191.0
2011,6500,-93264.0
2012,6500,-100964.0
2013,6500,-102587.0
2014,6500,-103279.0
2015,6500,-98837.0
2016,6500,-97813.0
2017,6500,-96758.0
2018,6500,-96.022
2019,6500,-94.484
2020,6500,-93.372
2021,6500,-92.8
2022,6500,-91.816
1999,6600,
2000,6600,
2001,6600,
2002,6600,
2003,6600,-27304.0
2004,6600,-26046.0
2005,6600,-24959.0
2006,6600,
2007,6600,-21003.0
2008,6600,
2009,6600,-15064.0
2010,6600,-13090.0
2011,6600,-11536.0
2012,6600,-9325.0
2013,6600,-7044.0
2014,6600,-4971.0
2015,6600,-3518.0
2016,6600,167.0
2017,6600,3522.0
2018,6600,26.835
2019,6600,74.197
2020,6600,106.531
2021,6600,185.643
2022,6600,155.452
1999,6700,
1999,6700,
1999,6700,
1999,6700,
2000,6700,
2000,6700,
2000,6700,
2000,6700,
2001,6700,
2001,6700,
2001,6700,
2001,6700,
2002,6700,
2002,6700,
2002,6700,
2002,6700,
2003,6700,-48802.0
2003,6700,-48802.0
2003,6700,-48802.0
2003,6700,-48802.0
2004,6700,-56142.0
2004,6700,-56142.0
2004,6700,-56142.0
2004,6700,-56142.0
2005,6700,-64892.0
2005,6700,-64892.0
2005,6700,-64892.0
2005,6700,-64892.0
2006,6700,
2006,6700,
2006,6700,
2006,6700,
2007,6700,-85358.0
2007,6700,-85358.0
2007,6700,-85358.0
2007,6700,-85358.0
2008,6700,
2008,6700,
2008,6700,
2008,6700,
2009,6700,-68795.0
2009,6700,-68795.0
2009,6700,-68795.0
2009,6700,-68795.0
2010,6700,-91846.0
2010,6700,-91846.0
2010,6700,-91846.0
2010,6700,-91846.0
2011,6700,-128371.0
2011,6700,-128371.0
2011,6700,-128371.0
2011,6700,-128371.0
2012,6700,-147587.0
2012,6700,-147587.0
2012,6700,-147587.0
2012,6700,-147587.0
2013,6700,-116184.0
2013,6700,-116184.0
2013,6700,-116184.0
2013,6700,-116184.0
2014,6700,-80179.0
2014,6700,-80179.0
2014,6700,-80179.0
2014,6700,-80179.0
2015,6700,-76859.0
2015,6700,-76859.0
2015,6700,-76859.0
2015,6700,-76859.0
2016,6700,-102243.0
2016,6700,-102243.0
2016,6700,-102243.0
2016,6700,-102243.0
2017,6700,-98175.0
2017,6700,-98175.0
2017,6700,-98175.0
2017,6700,-98175.0
2018,6700,-89.993
2018,6700,-89.993
2018,6700,-89.993
2018,6700,-89.993
2019,6700,-88.545
2019,6700,-88.545
2019,6700,-88.545
2019,6700,-88.545
2020,6700,-59.287
2020,6700,-59.287
2020,6700,-59.287
2020,6700,-59.287
2021,6700,-26.266
2021,6700,-26.266
2021,6700,-26.266
2021,6700,-26.266
2022,6700,-17.72
2022,6700,-17.72
2022,6700,-17.72
2022,6700,-17.72
1999,6800,
2000,6800,
2001,6800,
2002,6800,
2003,6800,-29303.0
2004,6800,-51177.0
2005,6800,-45380.0
2006,6800,
2007,6800,-40531.0
2008,6800,
2009,6800,-25550.0
2010,6800,-20552.0
2011,6800,-16758.0
2012,6800,-15290.0
2013,6800,-14792.0
2014,6800,-14276.0
2015,6800,-12518.0
2016,6800,-10281.0
2017,6800,-10256.0
2018,6800,-9.424
2019,6800,-8.745
2020,6800,-8.364
2021,6800,-7.753
2022,6800,-7.507
1999,6900,
1999,6900,
1999,6900,
2000,6900,
2000,6900,
2000,6900,
2001,6900,
2001,6900,
2001,6900,
2002,6900,
2002,6900,
2002,6900,
2003,6900,-104020.0
2003,6900,-104020.0
2003,6900,-104020.0
2004,6900,-101893.0
2004,6900,-101893.0
2004,6900,-101893.0
2005,6900,-74911.0
2005,6900,-74911.0
2005,6900,-74911.0
2006,6900,
2006,6900,
2006,6900,
2007,6900,-24086.0
2007,6900,-24086.0
2007,6900,-24086.0
2008,6900,
2008,6900,
2008,6900,
2009,6900,-23016.0
2009,6900,-23016.0
2009,6900,-23016.0
2010,6900,-21752.0
2010,6900,-21752.0
2010,6900,-21752.0
2011,6900,-19683.0
2011,6900,-19683.0
2011,6900,-19683.0
2012,6900,-16970.0
2012,6900,-16970.0
2012,6900,-16970.0
2013,6900,-14874.0
2013,6900,-14874.0
2013,6900,-14874.0
2014,6900,-13122.0
2014,6900,-13122.0
2014,6900,-13122.0
2015,6900,-10356.0
2015,6900,-10356.0
2015,6900,-10356.0
2016,6900,-7674.0
2016,6900,-7674.0
2016,6900,-7674.0
2017,6900,-4973.0
2017,6900,-4973.0
2017,6900,-4973.0
2018,6900,-3.466
2018,6900,-3.466
2018,6900,-3.466
2019,6900,-2.221
2019,6900,-2.221
2019,6900,-2.221
2020,6900,-0.823
2020,6900,-0.823
2020,6900,-0.823
2021,6900,16.585
2021,6900,16.585
2021,6900,16.585
2022,6900,20.016
2022,6900,20.016
2022,6900,20.016
1999,7000,
1999,7000,
1999,7000,
2000,7000,
2000,7000,
2000,7000,
2001,7000,
2001,7000,
2001,7000,
2002,7000,
2002,7000,
2002,7000,
2003,7000,-215386.0
2003,7000,-215386.0
2003,7000,-215386.0
2004,7000,-231367.0
2004,7000,-231367.0
2004,7000,-231367.0
2005,7000,-202534.0
2005,7000,-202534.0
2005,7000,-202534.0
2006,7000,
2006,7000,
2006,7000,
2007,7000,-153420.0
2007,7000,-153420.0
2007,7000,-153420.0
2008,7000,
2008,7000,
2008,7000,
2009,7000,-73430.0
2009,7000,-73430.0
2009,7000,-73430.0
2010,7000,-57691.0
2010,7000,-57691.0
2010,7000,-57691.0
2011,7000,-18828.0
2011,7000,-18828.0
2011,7000,-18828.0
2012,7000,3347.0
2012,7000,3347.0
2012,7000,3347.0
2013,7000,21919.0
2013,7000,21919.0
2013,7000,21919.0
2014,7000,40360.0
2014,7000,40360.0
2014,7000,40360.0
2015,7000,49309.0
2015,7000,49309.0
2015,7000,49309.0
2016,7000,22415.0
2016,7000,22415.0
2016,7000,22415.0
2017,7000,43197.0
2017,7000,43197.0
2017,7000,43197.0
2018,7000,40.687
2018,7000,40.687
2018,7000,40.687
2019,7000,18.013
2019,7000,18.013
2019,7000,18.013
2020,7000,20.956
2020,7000,20.956
2020,7000,20.956
2021,7000,16.217
2021,7000,16.217
2021,7000,16.217
2022,7000,17.598260869999997
2022,7000,17.598260869999997
2022,7000,17.598260869999997
1999,7100,
1999,7100,
1999,7100,
2000,7100,
2000,7100,
2000,7100,
2001,7100,
2001,7100,
2001,7100,
2002,7100,
2002,7100,
2002,7100,
2003,7100,-16349.0
2003,7100,-16349.0
2003,7100,-16349.0
2004,7100,-16285.0
2004,7100,-16285.0
2004,7100,-16285.0
2005,7100,-15900.0
2005,7100,-15900.0
2005,7100,-15900.0
2006,7100,
2006,7100,
2006,7100,
2007,7100,-15599.0
2007,7100,-15599.0
2007,7100,-15599.0
2008,7100,
2008,7100,
2008,7100,
2009,7100,-15794.0
2009,7100,-15794.0
2009,7100,-15794.0
2010,7100,-14480.0
2010,7100,-14480.0
2010,7100,-14480.0
2011,7100,-11270.0
2011,7100,-11270.0
2011,7100,-11270.0
2012,7100,-10598.0
2012,7100,-10598.0
2012,7100,-10598.0
2013,7100,-9951.0
2013,7100,-9951.0
2013,7100,-9951.0
2014,7100,-9181.0
2014,7100,-9181.0
2014,7100,-9181.0
2015,7100,-7169.0
2015,7100,-7169.0
2015,7100,-7169.0
2016,7100,-6865.0
2016,7100,-6865.0
2016,7100,-6865.0
2017,7100,-6858.0
2017,7100,-6858.0
2017,7100,-6858.0
2018,7100,-6.853
2018,7100,-6.853
2018,7100,-6.853
2019,7100,-6.821
2019,7100,-6.821
2019,7100,-6.821
2020,7100,-6.804
2020,7100,-6.804
2020,7100,-6.804
2021,7100,-6.79
2021,7100,-6.79
2021,7100,-6.79
2022,7100,-6.779
2022,7100,-6.779
2022,7100,-6.779
1999,7200,
2000,7200,
2001,7200,
2002,7200,
2003,7200,-6400.0
2004,7200,-5895.0
2005,7200,-3353.0
2006,7200,
2007,7200,-743.0
2008,7200,-169.0
2009,7200,38.0
2010,7200,287.0
2011,7200,874.0
2012,7200,1311.0
2013,7200,1496.0
2014,7200,2254.0
2015,7200,2445.0
2016,7200,370.0
2017,7200,920.0
2018,7200,1.206
2019,7200,3.268
2020,7200,7.756
2021,7200,9.251
2022,7200,4.438
1999,7400,
2000,7400,
2001,7400,
2002,7400,
2003,7400,-45772.0
2004,7400,-70975.0
2005,7400,-68957.0
2006,7400,
2007,7400,-46314.0
2008,7400,
2009,7400,-38291.0
2010,7400,-38240.0
2011,7400,-37989.0
2012,7400,-48393.0
2013,7400,-57257.0
2014,7400,-54857.0
2015,7400,-54539.0
2016,7400,-54108.0
2017,7400,-53358.0
2018,7400,-51.473
2019,7400,-56.455
2020,7400,-55.667
2021,7400,-54.533
2022,7400,-57.821
1999,7600,
2000,7600,
2001,7600,
2002,7600,
2003,7600,-64970.0
2004,7600,-79220.0
2005,7600,-66392.0
2006,7600,
2007,7600,-16536.0
2008,7600,
2009,7600,-34431.0
2010,7600,-38933.0
2011,7600,-40793.0
2012,7600,-34902.0
2013,7600,-34900.0
2014,7600,-52674.0
2015,7600,-49575.0
2016,7600,-49237.0
2017,7600,-49251.0
2018,7600,-49.13
2019,7600,-48.807
2020,7600,-48.807
2021,7600,-48.113
2022,7600,-48.163
1999,7700,
2000,7700,
2001,7700,
2002,7700,
2003,7700,-28811.0
2004,7700,-33432.0
2005,7700,-39623.0
2006,7700,
2007,7700,-21935.0
2008,7700,
2009,7700,-14561.0
2010,7700,-13993.0
2011,7700,-13158.0
2012,7700,-12519.0
2013,7700,-12232.0
2014,7700,-11842.0
2015,7700,-11633.0
2016,7700,-11430.0
2017,7700,-11133.0
2018,7700,-10.662
2019,7700,-10.293
2020,7700,-10.278
2021,7700,-10.038
2022,7700,-9.698
1999,7800,
2000,7800,
2001,7800,
2002,7800,-45026.0
2003,7800,-57123.0
2004,7800,-55893.0
2005,7800,-38462.0
2006,7800,
2007,7800,-15945.0
2008,7800,
2009,7800,-10274.0
2010,7800,-6806.0
2011,7800,-4540.0
2012,7800,-4382.0
2013,7800,-4061.0
2014,7800,-3896.0
2015,7800,-3589.0
2016,7800,-3301.0
2017,7800,-3225.0
2018,7800,-3.022
2019,7800,-2.668
2020,7800,-2.435
2021,7800,-2.23
2022,7800,-2.034
1999,7900,
2000,7900,
2001,7900,
2002,7900,
2003,7900,-147588.0
2004,7900,-199081.0
2005,7900,-215053.0
2006,7900,
2007,7900,-213024.0
2008,7900,
2009,7900,-179265.0
2010,7900,-177670.0
2011,7900,-177566.0
2012,7900,-177530.0
2013,7900,-175186.0
2014,7900,-174815.0
2015,7900,-174773.0
2016,7900,-172509.0
2017,7900,-170275.0
2018,7900,-165.157
2019,7900,-162.95
2020,7900,-159.477
2021,7900,-156.162
2022,7900,-152.457
1999,8000,
2000,8000,
2001,8000,
2002,8000,
2003,8000,-27746.0
2004,8000,-29793.0
2005,8000,-25685.0
2006,8000,
2007,8000,-21941.0
2008,8000,
2009,8000,-37960.0
2010,8000,-31415.0
2011,8000,-30378.0
2012,8000,-27609.0
2013,8000,-27738.0
2014,8000,-31347.0
2015,8000,-33304.0
2016,8000,-38581.0
2017,8000,-38457.0
2018,8000,-36.67
2019,8000,-39.092
2020,8000,-48.061
2021,8000,-66.331
2022,8000,-86.256
1999,8200,
2000,8200,
2001,8200,
2002,8200,
2003,8200,-25355.0
2004,8200,-30262.0
2005,8200,-20172.0
2006,8200,
2007,8200,-12651.0
2008,8200,
2009,8200,-24579.0
2010,8200,-20805.0
2011,8200,-24955.0
2012,8200,-26265.0
2013,8200,-30154.0
2014,8200,-28992.0
2015,8200,-24645.0
2016,8200,-17358.0
2017,8200,-16917.0
2018,8200,-15.389
2019,8200,-15.191
2020,8200,-9.154
2021,8200,-5.59
2022,8200,-5.23
1999,8300,
2000,8300,
2001,8300,
2002,8300,
2003,8300,-65819.0
2004,8300,-24659.0
2005,8300,19606.0
2006,8300,
2007,8300,69983.0
2008,8300,
2009,8300,87686.0
2010,8300,95864.0
2011,8300,80603.0
2012,8300,50509.0
2013,8300,31600.0
2014,8300,24743.0
2015,8300,25193.0
2016,8300,29619.0
2017,8300,47948.0
2018,8300,51.065
2019,8300,46.313
2020,8300,60.885
2021,8300,65.688
2022,8300,61.983
1999,8400,
2000,8400,
2001,8400,
2002,8400,
2003,8400,-132930.0
2004,8400,-132593.0
2005,8400,-126792.0
2006,8400,
2007,8400,-81959.0
2008,8400,
2009,8400,-121743.0
2010,8400,-121336.0
2011,8400,-119399.0
2012,8400,-131365.0
2013,8400,-133677.0
2014,8400,-154422.0
2015,8400,-149600.0
2016,8400,-142028.0
2017,8400,-140427.0
2018,8400,-152.852
2019,8400,-152.688
2020,8400,-151.697
2021,8400,-151.596
2022,8400,-151.087
1999,8500,
2000,8500,
2001,8500,
2002,8500,
2003,8500,-80095.0
2004,8500,-100053.0
2005,8500,-67638.0
2006,8500,
2007,8500,-52097.0
2008,8500,
2009,8500,-47095.0
2010,8500,-45075.0
2011,8500,-49214.0
2012,8500,-47992.0
2013,8500,-56676.0
2014,8500,-59651.0
2015,8500,-71440.0
2016,8500,-70930.0
2017,8500,-77863.0
2018,8500,-79.146
2019,8500,-76.947
2020,8500,-75.151
2021,8500,-74.699
2022,8500,-75.079
1999,8600,
1999,8600,
2000,8600,
2000,8600,
2001,8600,
2001,8600,
2002,8600,
2002,8600,
2003,8600,-70347.0
2003,8600,-70347.0
2004,8600,-67976.0
2004,8600,-67976.0
2005,8600,-66438.0
2005,8600,-66438.0
2006,8600,
2006,8600,
2007,8600,-30457.0
2007,8600,-30457.0
2008,8600,
2008,8600,
2009,8600,-29234.0
2009,8600,-29234.0
2010,8600,-28717.0
2010,8600,-28717.0
2011,8600,3723.0
2011,8600,3723.0
2012,8600,25577.0
2012,8600,25577.0
2013,8600,28027.0
2013,8600,28027.0
2014,8600,25795.0
2014,8600,25795.0
2015,8600,10202.0
2015,8600,10202.0
2016,8600,12731.0
2016,8600,12731.0
2017,8600,7247.0
2017,8600,7247.0
2018,8600,1.204
2018,8600,1.204
2019,8600,13.258
2019,8600,13.258
2020,8600,28.484
2020,8600,28.484
2021,8600,87.169
2021,8600,87.169
2022,8600,68.249
2022,8600,68.249
1999,8700,
2000,8700,30.0
2001,8700,247.0
2002,8700,
2003,8700,
2004,8700,
2005,8700,2537.0
2006,8700,
2007,8700,3072.0
2008,8700,
2009,8700,4283.0
2010,8700,178.0
2011,8700,1963.0
2012,8700,1789.0
2013,8700,-36696.0
2014,8700,-29994.0
2015,8700,3688.0
2016,8700,2053.0
2017,8700,-2936.0
2018,8700,-41.518
2019,8700,-3.276
2020,8700,-2.489
2021,8700,-2.136
2022,8700,-1.6
1999,9000,
2000,9000,
2001,9000,
2002,9000,
2003,9000,-318225.0
2004,9000,-343896.0
2005,9000,-274558.0
2006,9000,
2007,9000,-136297.0
2008,9000,
2009,9000,-159882.0
2010,9000,-159266.0
2011,9000,-157547.0
2012,9000,-156041.0
2013,9000,-153915.0
2014,9000,-152039.0
2015,9000,-163775.0
2016,9000,-161865.0
2017,9000,-160079.0
2018,9000,-157.833
2019,9000,-155.465
2020,9000,-155.113
2021,9000,-154.826
2022,9000,-154.513
1999,9100,
2000,9100,
2001,9100,
2002,9100,
2003,9100,-25339.0
2004,9100,-41002.0
2005,9100,-55885.0
2006,9100,
2007,9100,-31283.0
2008,9100,
2009,9100,-34533.0
2010,9100,-35761.0
2011,9100,-38410.0
2012,9100,-41368.0
2013,9100,-52355.0
2014,9100,-50250.0
2015,9100,-44083.0
2016,9100,-44399.0
2017,9100,-47524.0
2018,9100,-72.022
2019,9100,-97.301
2020,9100,-81.869
2021,9100,-56.412
2022,9100,-42.571
1999,9200,
2000,9200,
2001,9200,
2002,9200,
2003,9200,-23745.0
2004,9200,-42748.0
2005,9200,-31523.0
2006,9200,
2007,9200,-38857.0
2008,9200,
2009,9200,-42458.0
2010,9200,-37202.0
2011,9200,-57597.0
2012,9200,-55824.0
2013,9200,-68097.0
2014,9200,-83378.0
2015,9200,-60883.0
2016,9200,-38579.0
2017,9200,-20114.0
2018,9200,-15.104
2019,9200,-15.73
2020,9200,-29.784
2021,9200,0.0
2022,9200,-86.713
1999,9300,
2000,9300,
2001,9300,
2002,9300,-13331.0
2003,9300,-11327.0
2004,9300,-11958.0
2005,9300,-9206.0
2006,9300,
2007,9300,-10564.0
2008,9300,
2009,9300,-11297.0
2010,9300,-11573.0
2011,9300,-12590.0
2012,9300,-13796.0
2013,9300,-35412.0
2014,9300,-40247.0
2015,9300,-63579.0
2016,9300,-52361.0
2017,9300,-57460.0
2018,9300,-56.252
2019,9300,-45.041
2020,9300,-42.466
2021,9300,-24.475
2022,9300,-7.481
1999,9400,
2000,9400,
2001,9400,
2002,9400,
2003,9400,-90527.0
2004,9400,-97892.0
2005,9400,-111501.0
2006,9400,
2007,9400,-9370.0
2008,9400,
2009,9400,-5950.0
2010,9400,-5568.0
2011,9400,-4783.0
2012,9400,-3872.0
2013,9400,-3536.0
2014,9400,-3536.0
2015,9400,-2846.0
2016,9400,
2017,9400,
2018,9400,
2019,9400,
2020,9400,
2021,9400,1.851
2022,9400,1.693
1999,9500,
2000,9500,
2001,9500,
2002,9500,
2003,9500,-35555.0
2004,9500,-30160.0
2005,9500,-40697.0
2006,9500,
2007,9500,-19917.0
2008,9500,
2009,9500,-17042.0
2010,9500,-18271.0
2011,9500,-20300.0
2012,9500,-21804.0
2013,9500,-20988.0
2014,9500,-20381.0
2015,9500,-19374.0
2016,9500,-17879.0
2017,9500,-16727.0
2018,9500,-15.715
2019,9500,-14.72
2020,9500,-14.479
2021,9500,-11.846
2022,9500,-11.428
1999,9600,
2000,9600,
2001,9600,
2002,9600,
2003,9600,-62128.0
2004,9600,-63039.0
2005,9600,-39099.0
2006,9600,
2007,9600,-5762.0
2008,9600,
2009,9600,-11184.0
2010,9600,-9909.0
2011,9600,-9078.0
2012,9600,-10877.0
2013,9600,-17868.0
2014,9600,-25908.0
2015,9600,-24813.0
2016,9600,-19637.0
2017,9600,-21805.0
2018,9600,-69.927
2019,9600,-55.804
2020,9600,-43.434
2021,9600,-33.742
2022,9600,-26.953
1999,9700,
2000,9700,
2001,9700,
2002,9700,
2003,9700,-9433.0
2004,9700,-15050.0
2005,9700,-20638.0
2006,9700,
2007,9700,-31877.0
2008,9700,
2009,9700,-50364.0
2010,9700,-45614.0
2011,9700,-32626.0
2012,9700,-29685.0
2013,9700,-27890.0
2014,9700,-25344.0
2015,9700,-23378.0
2016,9700,-21448.0
2017,9700,-19590.0
2018,9700,-19.441
2019,9700,-18.952
2020,9700,-18.825
2021,9700,-18.746
2022,9700,-45.479
1999,9800,
2000,9800,
2001,9800,
2002,9800,-14436.0
2003,9800,-15852.0
2004,9800,-21518.0
2005,9800,-16912.0
2006,9800,
2007,9800,-10419.0
2008,9800,
2009,9800,-24146.0
2010,9800,-24788.0
2011,9800,-23663.0
2012,9800,-23624.0
2013,9800,-19624.0
2014,9800,-20365.0
2015,9800,-21685.0
2016,9800,-20440.0
2017,9800,-15912.0
2018,9800,-14.389
2019,9800,-14.512
2020,9800,-15.879
2021,9800,-10.501
2022,9800,-10.451
